item,label,cobertura,cobertura_label,autor,autor_label,fecha_fin,fecha_inicio,margen,muestra,resultado,resultado_label,resultadoporcentaje,resultadopregunta,publicacion,nivel_confianza,archivo,casa_registrada,ciudadanos_registrados,censo_personas16
69989add5e38123e6497,Primera encuesta de opinión IPSOS - CIESMORI - Alcaldia de Santa Cruz,698399613415da3b0042,Municipio de Santa Cruz de la Sierra,698614d000339f39a826,CIEMCORP S.R.L. (Ipsos Ciesmori),2026-02-15,2026-02-06,2,2405,698feee7df236c93676a,Voto Ninguno,24,,2026-02-20,95,https://www.youtube.com/watch?v=6DteKbtJI-c,True,1149829,1167979
69989add5e38123e6497,Primera encuesta de opinión IPSOS - CIESMORI - Alcaldia de Santa Cruz,698399613415da3b0042,Municipio de Santa Cruz de la Sierra,698614d000339f39a826,CIEMCORP S.R.L. (Ipsos Ciesmori),2026-02-15,2026-02-06,2,2405,698feee7df236c93676a,Voto Ninguno,24,,2026-02-20,95,https://www.youtube.com/watch?v=6DteKbtJI-c,True,1126505,1167979
69989add5e38123e6497,Primera encuesta de opinión IPSOS - CIESMORI - Alcaldia de Santa Cruz,698399613415da3b0042,Municipio de Santa Cruz de la Sierra,698614d000339f39a826,CIEMCORP S.R.L. (Ipsos Ciesmori),2026-02-15,2026-02-06,2,2405,698fecf5b6f1138877b6,Voto Indeciso,23,,2026-02-20,95,https://www.youtube.com/watch?v=6DteKbtJI-c,True,1149829,1167979
69989add5e38123e6497,Primera encuesta de opinión IPSOS - CIESMORI - Alcaldia de Santa Cruz,698399613415da3b0042,Municipio de Santa Cruz de la Sierra,698614d000339f39a826,CIEMCORP S.R.L. (Ipsos Ciesmori),2026-02-15,2026-02-06,2,2405,698fecf5b6f1138877b6,Voto Indeciso,23,,2026-02-20,95,https://www.youtube.com/watch?v=6DteKbtJI-c,True,1126505,1167979
69989add5e38123e6497,Primera encuesta de opinión IPSOS - CIESMORI - Alcaldia de Santa Cruz,698399613415da3b0042,Municipio de Santa Cruz de la Sierra,698614d000339f39a826,CIEMCORP S.R.L. (Ipsos Ciesmori),2026-02-15,2026-02-06,2,2405,69989c4eaacb9d6a5356,No sabe / No responde,4,,2026-02-20,95,https://www.youtube.com/watch?v=6DteKbtJI-c,True,1149829,1167979
69989add5e38123e6497,Primera encuesta de opinión IPSOS - CIESMORI - Alcaldia de Santa Cruz,698399613415da3b0042,Municipio de Santa Cruz de la Sierra,698614d000339f39a826,CIEMCORP S.R.L. (Ipsos Ciesmori),2026-02-15,2026-02-06,2,2405,69989c4eaacb9d6a5356,No sabe / No responde,4,,2026-02-20,95,https://www.youtube.com/watch?v=6DteKbtJI-c,True,1126505,1167979
69989add5e38123e6497,Primera encuesta de opinión IPSOS - CIESMORI - Alcaldia de Santa Cruz,698399613415da3b0042,Municipio de Santa Cruz de la Sierra,698614d000339f39a826,CIEMCORP S.R.L. (Ipsos Ciesmori),2026-02-15,2026-02-06,2,2405,698582490012ceeb9b1b,Carlos Manuel Saavedra Saavedra,66.3,¿Si hoy fueran las elecciones para alcalde?,2026-02-20,95,https://www.youtube.com/watch?v=6DteKbtJI-c,True,1149829,1167979
69989add5e38123e6497,Primera encuesta de opinión IPSOS - CIESMORI - Alcaldia de Santa Cruz,698399613415da3b0042,Municipio de Santa Cruz de la Sierra,698614d000339f39a826,CIEMCORP S.R.L. (Ipsos Ciesmori),2026-02-15,2026-02-06,2,2405,698582490012ceeb9b1b,Carlos Manuel Saavedra Saavedra,66.3,¿Si hoy fueran las elecciones para alcalde?,2026-02-20,95,https://www.youtube.com/watch?v=6DteKbtJI-c,True,1126505,1167979
69989add5e38123e6497,Primera encuesta de opinión IPSOS - CIESMORI - Alcaldia de Santa Cruz,698399613415da3b0042,Municipio de Santa Cruz de la Sierra,698614d000339f39a826,CIEMCORP S.R.L. (Ipsos Ciesmori),2026-02-15,2026-02-06,2,2405,69858a9f0013158e437a,Jose Gary Añez Sanchez,7.5,¿Si hoy fueran las elecciones para alcalde?,2026-02-20,95,https://www.youtube.com/watch?v=6DteKbtJI-c,True,1149829,1167979
69989add5e38123e6497,Primera encuesta de opinión IPSOS - CIESMORI - Alcaldia de Santa Cruz,698399613415da3b0042,Municipio de Santa Cruz de la Sierra,698614d000339f39a826,CIEMCORP S.R.L. (Ipsos Ciesmori),2026-02-15,2026-02-06,2,2405,69858a9f0013158e437a,Jose Gary Añez Sanchez,7.5,¿Si hoy fueran las elecciones para alcalde?,2026-02-20,95,https://www.youtube.com/watch?v=6DteKbtJI-c,True,1126505,1167979
69989add5e38123e6497,Primera encuesta de opinión IPSOS - CIESMORI - Alcaldia de Santa Cruz,698399613415da3b0042,Municipio de Santa Cruz de la Sierra,698614d000339f39a826,CIEMCORP S.R.L. (Ipsos Ciesmori),2026-02-15,2026-02-06,2,2405,69858885002e064f42b8,Alfredo Solares Garrado,3.1,¿Si hoy fueran las elecciones para alcalde?,2026-02-20,95,https://www.youtube.com/watch?v=6DteKbtJI-c,True,1149829,1167979
69989add5e38123e6497,Primera encuesta de opinión IPSOS - CIESMORI - Alcaldia de Santa Cruz,698399613415da3b0042,Municipio de Santa Cruz de la Sierra,698614d000339f39a826,CIEMCORP S.R.L. (Ipsos Ciesmori),2026-02-15,2026-02-06,2,2405,69858885002e064f42b8,Alfredo Solares Garrado,3.1,¿Si hoy fueran las elecciones para alcalde?,2026-02-20,95,https://www.youtube.com/watch?v=6DteKbtJI-c,True,1126505,1167979
69989add5e38123e6497,Primera encuesta de opinión IPSOS - CIESMORI - Alcaldia de Santa Cruz,698399613415da3b0042,Municipio de Santa Cruz de la Sierra,698614d000339f39a826,CIEMCORP S.R.L. (Ipsos Ciesmori),2026-02-15,2026-02-06,2,2405,698581290026b8e96a91,Angelica Sosa Arreaza,5,¿Si hoy fueran las elecciones para alcalde?,2026-02-20,95,https://www.youtube.com/watch?v=6DteKbtJI-c,True,1149829,1167979
69989add5e38123e6497,Primera encuesta de opinión IPSOS - CIESMORI - Alcaldia de Santa Cruz,698399613415da3b0042,Municipio de Santa Cruz de la Sierra,698614d000339f39a826,CIEMCORP S.R.L. (Ipsos Ciesmori),2026-02-15,2026-02-06,2,2405,698581290026b8e96a91,Angelica Sosa Arreaza,5,¿Si hoy fueran las elecciones para alcalde?,2026-02-20,95,https://www.youtube.com/watch?v=6DteKbtJI-c,True,1126505,1167979
69989add5e38123e6497,Primera encuesta de opinión IPSOS - CIESMORI - Alcaldia de Santa Cruz,698399613415da3b0042,Municipio de Santa Cruz de la Sierra,698614d000339f39a826,CIEMCORP S.R.L. (Ipsos Ciesmori),2026-02-15,2026-02-06,2,2405,69989f9e85eecb1a0a9c,Carlos Subirana,2.2,¿Si hoy fueran las elecciones para alcalde?,2026-02-20,95,https://www.youtube.com/watch?v=6DteKbtJI-c,True,1149829,1167979
69989add5e38123e6497,Primera encuesta de opinión IPSOS - CIESMORI - Alcaldia de Santa Cruz,698399613415da3b0042,Municipio de Santa Cruz de la Sierra,698614d000339f39a826,CIEMCORP S.R.L. (Ipsos Ciesmori),2026-02-15,2026-02-06,2,2405,69989f9e85eecb1a0a9c,Carlos Subirana,2.2,¿Si hoy fueran las elecciones para alcalde?,2026-02-20,95,https://www.youtube.com/watch?v=6DteKbtJI-c,True,1126505,1167979
69989add5e38123e6497,Primera encuesta de opinión IPSOS - CIESMORI - Alcaldia de Santa Cruz,698399613415da3b0042,Municipio de Santa Cruz de la Sierra,698614d000339f39a826,CIEMCORP S.R.L. (Ipsos Ciesmori),2026-02-15,2026-02-06,2,2405,69857f380002c139c159,Oscar Vargas Ortiz,0.9,¿Si hoy fueran las elecciones para alcalde?,2026-02-20,95,https://www.youtube.com/watch?v=6DteKbtJI-c,True,1149829,1167979
69989add5e38123e6497,Primera encuesta de opinión IPSOS - CIESMORI - Alcaldia de Santa Cruz,698399613415da3b0042,Municipio de Santa Cruz de la Sierra,698614d000339f39a826,CIEMCORP S.R.L. (Ipsos Ciesmori),2026-02-15,2026-02-06,2,2405,69857f380002c139c159,Oscar Vargas Ortiz,0.9,¿Si hoy fueran las elecciones para alcalde?,2026-02-20,95,https://www.youtube.com/watch?v=6DteKbtJI-c,True,1126505,1167979
69989add5e38123e6497,Primera encuesta de opinión IPSOS - CIESMORI - Alcaldia de Santa Cruz,698399613415da3b0042,Municipio de Santa Cruz de la Sierra,698614d000339f39a826,CIEMCORP S.R.L. (Ipsos Ciesmori),2026-02-15,2026-02-06,2,2405,698583b6002637f8937d,Ingrid Rosario Schamisseddine Somoza,0.7,¿Si hoy fueran las elecciones para alcalde?,2026-02-20,95,https://www.youtube.com/watch?v=6DteKbtJI-c,True,1149829,1167979
69989add5e38123e6497,Primera encuesta de opinión IPSOS - CIESMORI - Alcaldia de Santa Cruz,698399613415da3b0042,Municipio de Santa Cruz de la Sierra,698614d000339f39a826,CIEMCORP S.R.L. (Ipsos Ciesmori),2026-02-15,2026-02-06,2,2405,698583b6002637f8937d,Ingrid Rosario Schamisseddine Somoza,0.7,¿Si hoy fueran las elecciones para alcalde?,2026-02-20,95,https://www.youtube.com/watch?v=6DteKbtJI-c,True,1126505,1167979
69989add5e38123e6497,Primera encuesta de opinión IPSOS - CIESMORI - Alcaldia de Santa Cruz,698399613415da3b0042,Municipio de Santa Cruz de la Sierra,698614d000339f39a826,CIEMCORP S.R.L. (Ipsos Ciesmori),2026-02-15,2026-02-06,2,2405,698585f4002773ff815d,Soo Hyun Chung,0.3,¿Si hoy fueran las elecciones para alcalde?,2026-02-20,95,https://www.youtube.com/watch?v=6DteKbtJI-c,True,1149829,1167979
69989add5e38123e6497,Primera encuesta de opinión IPSOS - CIESMORI - Alcaldia de Santa Cruz,698399613415da3b0042,Municipio de Santa Cruz de la Sierra,698614d000339f39a826,CIEMCORP S.R.L. (Ipsos Ciesmori),2026-02-15,2026-02-06,2,2405,698585f4002773ff815d,Soo Hyun Chung,0.3,¿Si hoy fueran las elecciones para alcalde?,2026-02-20,95,https://www.youtube.com/watch?v=6DteKbtJI-c,True,1126505,1167979
69989add5e38123e6497,Primera encuesta de opinión IPSOS - CIESMORI - Alcaldia de Santa Cruz,698399613415da3b0042,Municipio de Santa Cruz de la Sierra,698614d000339f39a826,CIEMCORP S.R.L. (Ipsos Ciesmori),2026-02-15,2026-02-06,2,2405,698584f9003dcd697650,Felix Enrique Oros Rivero,0.1,¿Si hoy fueran las elecciones para alcalde?,2026-02-20,95,https://www.youtube.com/watch?v=6DteKbtJI-c,True,1149829,1167979
69989add5e38123e6497,Primera encuesta de opinión IPSOS - CIESMORI - Alcaldia de Santa Cruz,698399613415da3b0042,Municipio de Santa Cruz de la Sierra,698614d000339f39a826,CIEMCORP S.R.L. (Ipsos Ciesmori),2026-02-15,2026-02-06,2,2405,698584f9003dcd697650,Felix Enrique Oros Rivero,0.1,¿Si hoy fueran las elecciones para alcalde?,2026-02-20,95,https://www.youtube.com/watch?v=6DteKbtJI-c,True,1126505,1167979
69989add5e38123e6497,Primera encuesta de opinión IPSOS - CIESMORI - Alcaldia de Santa Cruz,698399613415da3b0042,Municipio de Santa Cruz de la Sierra,698614d000339f39a826,CIEMCORP S.R.L. (Ipsos Ciesmori),2026-02-15,2026-02-06,2,2405,6985800f00058c50ebe4,Orlando Peña Balderrama,0.1,¿Si hoy fueran las elecciones para alcalde?,2026-02-20,95,https://www.youtube.com/watch?v=6DteKbtJI-c,True,1149829,1167979
69989add5e38123e6497,Primera encuesta de opinión IPSOS - CIESMORI - Alcaldia de Santa Cruz,698399613415da3b0042,Municipio de Santa Cruz de la Sierra,698614d000339f39a826,CIEMCORP S.R.L. (Ipsos Ciesmori),2026-02-15,2026-02-06,2,2405,6985800f00058c50ebe4,Orlando Peña Balderrama,0.1,¿Si hoy fueran las elecciones para alcalde?,2026-02-20,95,https://www.youtube.com/watch?v=6DteKbtJI-c,True,1126505,1167979
69989add5e38123e6497,Primera encuesta de opinión IPSOS - CIESMORI - Alcaldia de Santa Cruz,698399613415da3b0042,Municipio de Santa Cruz de la Sierra,698614d000339f39a826,CIEMCORP S.R.L. (Ipsos Ciesmori),2026-02-15,2026-02-06,2,2405,699de867b4edd88ebf7a,Voto Blanco,2,¿Si hoy fueran las elecciones para alcalde?,2026-02-20,95,https://www.youtube.com/watch?v=6DteKbtJI-c,True,1149829,1167979
69989add5e38123e6497,Primera encuesta de opinión IPSOS - CIESMORI - Alcaldia de Santa Cruz,698399613415da3b0042,Municipio de Santa Cruz de la Sierra,698614d000339f39a826,CIEMCORP S.R.L. (Ipsos Ciesmori),2026-02-15,2026-02-06,2,2405,699de867b4edd88ebf7a,Voto Blanco,2,¿Si hoy fueran las elecciones para alcalde?,2026-02-20,95,https://www.youtube.com/watch?v=6DteKbtJI-c,True,1126505,1167979
69989add5e38123e6497,Primera encuesta de opinión IPSOS - CIESMORI - Alcaldia de Santa Cruz,698399613415da3b0042,Municipio de Santa Cruz de la Sierra,698614d000339f39a826,CIEMCORP S.R.L. (Ipsos Ciesmori),2026-02-15,2026-02-06,2,2405,699de9885434183c4583,Voto Nulo,2.3,¿Si hoy fueran las elecciones para alcalde?,2026-02-20,95,https://www.youtube.com/watch?v=6DteKbtJI-c,True,1149829,1167979
69989add5e38123e6497,Primera encuesta de opinión IPSOS - CIESMORI - Alcaldia de Santa Cruz,698399613415da3b0042,Municipio de Santa Cruz de la Sierra,698614d000339f39a826,CIEMCORP S.R.L. (Ipsos Ciesmori),2026-02-15,2026-02-06,2,2405,699de9885434183c4583,Voto Nulo,2.3,¿Si hoy fueran las elecciones para alcalde?,2026-02-20,95,https://www.youtube.com/watch?v=6DteKbtJI-c,True,1126505,1167979
69989add5e38123e6497,Primera encuesta de opinión IPSOS - CIESMORI - Alcaldia de Santa Cruz,698399613415da3b0042,Municipio de Santa Cruz de la Sierra,698614d000339f39a826,CIEMCORP S.R.L. (Ipsos Ciesmori),2026-02-15,2026-02-06,2,2405,Federico Morón,,0.8,¿Si hoy fueran las elecciones para alcalde?,2026-02-20,95,https://www.youtube.com/watch?v=6DteKbtJI-c,True,1149829,1167979
69989add5e38123e6497,Primera encuesta de opinión IPSOS - CIESMORI - Alcaldia de Santa Cruz,698399613415da3b0042,Municipio de Santa Cruz de la Sierra,698614d000339f39a826,CIEMCORP S.R.L. (Ipsos Ciesmori),2026-02-15,2026-02-06,2,2405,Federico Morón,,0.8,¿Si hoy fueran las elecciones para alcalde?,2026-02-20,95,https://www.youtube.com/watch?v=6DteKbtJI-c,True,1126505,1167979
69989add5e38123e6497,Primera encuesta de opinión IPSOS - CIESMORI - Alcaldia de Santa Cruz,698399613415da3b0042,Municipio de Santa Cruz de la Sierra,698614d000339f39a826,CIEMCORP S.R.L. (Ipsos Ciesmori),2026-02-15,2026-02-06,2,2405,Paola Cronembold,,0.6,¿Si hoy fueran las elecciones para alcalde?,2026-02-20,95,https://www.youtube.com/watch?v=6DteKbtJI-c,True,1149829,1167979
69989add5e38123e6497,Primera encuesta de opinión IPSOS - CIESMORI - Alcaldia de Santa Cruz,698399613415da3b0042,Municipio de Santa Cruz de la Sierra,698614d000339f39a826,CIEMCORP S.R.L. (Ipsos Ciesmori),2026-02-15,2026-02-06,2,2405,Paola Cronembold,,0.6,¿Si hoy fueran las elecciones para alcalde?,2026-02-20,95,https://www.youtube.com/watch?v=6DteKbtJI-c,True,1126505,1167979
69989add5e38123e6497,Primera encuesta de opinión IPSOS - CIESMORI - Alcaldia de Santa Cruz,698399613415da3b0042,Municipio de Santa Cruz de la Sierra,698614d000339f39a826,CIEMCORP S.R.L. (Ipsos Ciesmori),2026-02-15,2026-02-06,2,2405,Gomer Padilla,,0.4,¿Si hoy fueran las elecciones para alcalde?,2026-02-20,95,https://www.youtube.com/watch?v=6DteKbtJI-c,True,1149829,1167979
69989add5e38123e6497,Primera encuesta de opinión IPSOS - CIESMORI - Alcaldia de Santa Cruz,698399613415da3b0042,Municipio de Santa Cruz de la Sierra,698614d000339f39a826,CIEMCORP S.R.L. (Ipsos Ciesmori),2026-02-15,2026-02-06,2,2405,Gomer Padilla,,0.4,¿Si hoy fueran las elecciones para alcalde?,2026-02-20,95,https://www.youtube.com/watch?v=6DteKbtJI-c,True,1126505,1167979
69989add5e38123e6497,Primera encuesta de opinión IPSOS - CIESMORI - Alcaldia de Santa Cruz,698399613415da3b0042,Municipio de Santa Cruz de la Sierra,698614d000339f39a826,CIEMCORP S.R.L. (Ipsos Ciesmori),2026-02-15,2026-02-06,2,2405,Rafael Quinteros,,0,¿Si hoy fueran las elecciones para alcalde?,2026-02-20,95,https://www.youtube.com/watch?v=6DteKbtJI-c,True,1149829,1167979
69989add5e38123e6497,Primera encuesta de opinión IPSOS - CIESMORI - Alcaldia de Santa Cruz,698399613415da3b0042,Municipio de Santa Cruz de la Sierra,698614d000339f39a826,CIEMCORP S.R.L. (Ipsos Ciesmori),2026-02-15,2026-02-06,2,2405,Rafael Quinteros,,0,¿Si hoy fueran las elecciones para alcalde?,2026-02-20,95,https://www.youtube.com/watch?v=6DteKbtJI-c,True,1126505,1167979
69989add5e38123e6497,Primera encuesta de opinión IPSOS - CIESMORI - Alcaldia de Santa Cruz,698399613415da3b0042,Municipio de Santa Cruz de la Sierra,698614d000339f39a826,CIEMCORP S.R.L. (Ipsos Ciesmori),2026-02-15,2026-02-06,2,2405,698fecf5b6f1138877b6,Voto Indeciso,7.7,¿Si hoy fueran las elecciones para alcalde?,2026-02-20,95,https://www.youtube.com/watch?v=6DteKbtJI-c,True,1149829,1167979
69989add5e38123e6497,Primera encuesta de opinión IPSOS - CIESMORI - Alcaldia de Santa Cruz,698399613415da3b0042,Municipio de Santa Cruz de la Sierra,698614d000339f39a826,CIEMCORP S.R.L. (Ipsos Ciesmori),2026-02-15,2026-02-06,2,2405,698fecf5b6f1138877b6,Voto Indeciso,7.7,¿Si hoy fueran las elecciones para alcalde?,2026-02-20,95,https://www.youtube.com/watch?v=6DteKbtJI-c,True,1126505,1167979
6998957ee05da570839c,Primera encuesta de opinión IPSOS - CIESMORI - Gobernacion de La Paz,6983986f27930b142391,Departamento de La Paz,698614d000339f39a826,CIEMCORP S.R.L. (Ipsos Ciesmori),2026-02-15,2026-02-06,1.28,5802,6985a4a5003103f9b6a8,Luis Antonio Revilla Herrero,17.4,¿Si hoy fueran las elecciones para gobernador?,,95,,True,,2229029
6998957ee05da570839c,Primera encuesta de opinión IPSOS - CIESMORI - Gobernacion de La Paz,6983986f27930b142391,Departamento de La Paz,698614d000339f39a826,CIEMCORP S.R.L. (Ipsos Ciesmori),2026-02-15,2026-02-06,1.28,5802,6985a337003a8c5d5979,Felix Patzi Paco,10.9,¿Si hoy fueran las elecciones para gobernador?,,95,,True,,2229029
6998957ee05da570839c,Primera encuesta de opinión IPSOS - CIESMORI - Gobernacion de La Paz,6983986f27930b142391,Departamento de La Paz,698614d000339f39a826,CIEMCORP S.R.L. (Ipsos Ciesmori),2026-02-15,2026-02-06,1.28,5802,69859c20002bec5c30e1,Santos Quispe Quispe,5.7,¿Si hoy fueran las elecciones para gobernador?,,95,,True,,2229029
6998957ee05da570839c,Primera encuesta de opinión IPSOS - CIESMORI - Gobernacion de La Paz,6983986f27930b142391,Departamento de La Paz,698614d000339f39a826,CIEMCORP S.R.L. (Ipsos Ciesmori),2026-02-15,2026-02-06,1.28,5802,699e362c002c40e8a8ee,Kurt Emil Reintsch San Martin,3.2,¿Si hoy fueran las elecciones para gobernador?,,95,,True,,2229029
6998957ee05da570839c,Primera encuesta de opinión IPSOS - CIESMORI - Gobernacion de La Paz,6983986f27930b142391,Departamento de La Paz,698614d000339f39a826,CIEMCORP S.R.L. (Ipsos Ciesmori),2026-02-15,2026-02-06,1.28,5802,698598c20001ae3a9841,Richard Andres Gomez Vela,3.1,¿Si hoy fueran las elecciones para gobernador?,,95,,True,,2229029
6998957ee05da570839c,Primera encuesta de opinión IPSOS - CIESMORI - Gobernacion de La Paz,6983986f27930b142391,Departamento de La Paz,698614d000339f39a826,CIEMCORP S.R.L. (Ipsos Ciesmori),2026-02-15,2026-02-06,1.28,5802,6985a23e0039b77a2b96,Orlando Callisaya Copana,1.8,¿Si hoy fueran las elecciones para gobernador?,,95,,True,,2229029
6998957ee05da570839c,Primera encuesta de opinión IPSOS - CIESMORI - Gobernacion de La Paz,6983986f27930b142391,Departamento de La Paz,698614d000339f39a826,CIEMCORP S.R.L. (Ipsos Ciesmori),2026-02-15,2026-02-06,1.28,5802,6985980700286ec1f8d5,Leopoldo Richard Chui Torrez,1.5,¿Si hoy fueran las elecciones para gobernador?,,95,,True,,2229029
6998957ee05da570839c,Primera encuesta de opinión IPSOS - CIESMORI - Gobernacion de La Paz,6983986f27930b142391,Departamento de La Paz,698614d000339f39a826,CIEMCORP S.R.L. (Ipsos Ciesmori),2026-02-15,2026-02-06,1.28,5802,6985a6220024b0c8994d,Rene Yahuasi Calamani,1.1,¿Si hoy fueran las elecciones para gobernador?,,95,,True,,2229029
6998957ee05da570839c,Primera encuesta de opinión IPSOS - CIESMORI - Gobernacion de La Paz,6983986f27930b142391,Departamento de La Paz,698614d000339f39a826,CIEMCORP S.R.L. (Ipsos Ciesmori),2026-02-15,2026-02-06,1.28,5802,69859fbf00292d167b51,German Antonio Riveros Pilco,1.1,¿Si hoy fueran las elecciones para gobernador?,,95,,True,,2229029
6998957ee05da570839c,Primera encuesta de opinión IPSOS - CIESMORI - Gobernacion de La Paz,6983986f27930b142391,Departamento de La Paz,698614d000339f39a826,CIEMCORP S.R.L. (Ipsos Ciesmori),2026-02-15,2026-02-06,1.28,5802,6985a75b00268b6e5abb,Clemente Gutierrez Mamani,1,¿Si hoy fueran las elecciones para gobernador?,,95,,True,,2229029
6998957ee05da570839c,Primera encuesta de opinión IPSOS - CIESMORI - Gobernacion de La Paz,6983986f27930b142391,Departamento de La Paz,698614d000339f39a826,CIEMCORP S.R.L. (Ipsos Ciesmori),2026-02-15,2026-02-06,1.28,5802,699e362c0028c6d08aad,Flavio Eudaldo Merlo Maydana,0.9,¿Si hoy fueran las elecciones para gobernador?,,95,,True,,2229029
6998957ee05da570839c,Primera encuesta de opinión IPSOS - CIESMORI - Gobernacion de La Paz,6983986f27930b142391,Departamento de La Paz,698614d000339f39a826,CIEMCORP S.R.L. (Ipsos Ciesmori),2026-02-15,2026-02-06,1.28,5802,6985a1c5000ec0079b0a,Fidel Chura Chavez,0.5,¿Si hoy fueran las elecciones para gobernador?,,95,,True,,2229029
6998957ee05da570839c,Primera encuesta de opinión IPSOS - CIESMORI - Gobernacion de La Paz,6983986f27930b142391,Departamento de La Paz,698614d000339f39a826,CIEMCORP S.R.L. (Ipsos Ciesmori),2026-02-15,2026-02-06,1.28,5802,Freddy Merlo,,0.4,¿Si hoy fueran las elecciones para gobernador?,,95,,True,,2229029
6998957ee05da570839c,Primera encuesta de opinión IPSOS - CIESMORI - Gobernacion de La Paz,6983986f27930b142391,Departamento de La Paz,698614d000339f39a826,CIEMCORP S.R.L. (Ipsos Ciesmori),2026-02-15,2026-02-06,1.28,5802,69859f370003f6acd891,Demetrio Villca Ordoñez,0.3,¿Si hoy fueran las elecciones para gobernador?,,95,,True,,2229029
6998957ee05da570839c,Primera encuesta de opinión IPSOS - CIESMORI - Gobernacion de La Paz,6983986f27930b142391,Departamento de La Paz,698614d000339f39a826,CIEMCORP S.R.L. (Ipsos Ciesmori),2026-02-15,2026-02-06,1.28,5802,69859a2c002288f607e4,Augusto Saturnino Oblitas Garcia,0.2,¿Si hoy fueran las elecciones para gobernador?,,95,,True,,2229029
6998957ee05da570839c,Primera encuesta de opinión IPSOS - CIESMORI - Gobernacion de La Paz,6983986f27930b142391,Departamento de La Paz,698614d000339f39a826,CIEMCORP S.R.L. (Ipsos Ciesmori),2026-02-15,2026-02-06,1.28,5802,69859b4c0039b4720492,Ingvar Ellefsen Dotzauer,0.2,¿Si hoy fueran las elecciones para gobernador?,,95,,True,,2229029
6998957ee05da570839c,Primera encuesta de opinión IPSOS - CIESMORI - Gobernacion de La Paz,6983986f27930b142391,Departamento de La Paz,698614d000339f39a826,CIEMCORP S.R.L. (Ipsos Ciesmori),2026-02-15,2026-02-06,1.28,5802,Yosmar Espejo,,0.1,¿Si hoy fueran las elecciones para gobernador?,,95,,True,,2229029
6998957ee05da570839c,Primera encuesta de opinión IPSOS - CIESMORI - Gobernacion de La Paz,6983986f27930b142391,Departamento de La Paz,698614d000339f39a826,CIEMCORP S.R.L. (Ipsos Ciesmori),2026-02-15,2026-02-06,1.28,5802,699de867b4edd88ebf7a,Voto Blanco,12,¿Si hoy fueran las elecciones para gobernador?,,95,,True,,2229029
6998957ee05da570839c,Primera encuesta de opinión IPSOS - CIESMORI - Gobernacion de La Paz,6983986f27930b142391,Departamento de La Paz,698614d000339f39a826,CIEMCORP S.R.L. (Ipsos Ciesmori),2026-02-15,2026-02-06,1.28,5802,699de9885434183c4583,Voto Nulo,19.7,¿Si hoy fueran las elecciones para gobernador?,,95,,True,,2229029
6998957ee05da570839c,Primera encuesta de opinión IPSOS - CIESMORI - Gobernacion de La Paz,6983986f27930b142391,Departamento de La Paz,698614d000339f39a826,CIEMCORP S.R.L. (Ipsos Ciesmori),2026-02-15,2026-02-06,1.28,5802,698fecf5b6f1138877b6,Voto Indeciso,18.6,¿Si hoy fueran las elecciones para gobernador?,,95,,True,,2229029
699896cebe6900b85738,Primera encuesta de opinión IPSOS - CIESMORI - Gobernacion de Cochabamba,698398675bb38121fa86,Departamento de Cochabamba,698614d000339f39a826,CIEMCORP S.R.L. (Ipsos Ciesmori),2026-02-15,2026-02-06,1.49,4650,Leonardo Loza,,16.8,¿Si hoy fueran las elecciones para gobernador?,,95,,True,,1445264
699896cebe6900b85738,Primera encuesta de opinión IPSOS - CIESMORI - Gobernacion de Cochabamba,698398675bb38121fa86,Departamento de Cochabamba,698614d000339f39a826,CIEMCORP S.R.L. (Ipsos Ciesmori),2026-02-15,2026-02-06,1.49,4650,Sergio Rodríguez,,10,¿Si hoy fueran las elecciones para gobernador?,,95,,True,,1445264
699896cebe6900b85738,Primera encuesta de opinión IPSOS - CIESMORI - Gobernacion de Cochabamba,698398675bb38121fa86,Departamento de Cochabamba,698614d000339f39a826,CIEMCORP S.R.L. (Ipsos Ciesmori),2026-02-15,2026-02-06,1.49,4650,Juan Flores,,4.9,¿Si hoy fueran las elecciones para gobernador?,,95,,True,,1445264
699896cebe6900b85738,Primera encuesta de opinión IPSOS - CIESMORI - Gobernacion de Cochabamba,698398675bb38121fa86,Departamento de Cochabamba,698614d000339f39a826,CIEMCORP S.R.L. (Ipsos Ciesmori),2026-02-15,2026-02-06,1.49,4650,6985929e003314b61d47,Mario Enrique Severich Bustamante,4.9,¿Si hoy fueran las elecciones para gobernador?,,95,,True,,1445264
699896cebe6900b85738,Primera encuesta de opinión IPSOS - CIESMORI - Gobernacion de Cochabamba,698398675bb38121fa86,Departamento de Cochabamba,698614d000339f39a826,CIEMCORP S.R.L. (Ipsos Ciesmori),2026-02-15,2026-02-06,1.49,4650,69858d1a0035d9d2c41c,Alejandro Mostajo Rueda,4.6,¿Si hoy fueran las elecciones para gobernador?,,95,,True,,1445264
699896cebe6900b85738,Primera encuesta de opinión IPSOS - CIESMORI - Gobernacion de Cochabamba,698398675bb38121fa86,Departamento de Cochabamba,698614d000339f39a826,CIEMCORP S.R.L. (Ipsos Ciesmori),2026-02-15,2026-02-06,1.49,4650,698590fa000636de954a,Wilfredo Rolando Morales Zeballos,3.1,¿Si hoy fueran las elecciones para gobernador?,,95,,True,,1445264
699896cebe6900b85738,Primera encuesta de opinión IPSOS - CIESMORI - Gobernacion de Cochabamba,698398675bb38121fa86,Departamento de Cochabamba,698614d000339f39a826,CIEMCORP S.R.L. (Ipsos Ciesmori),2026-02-15,2026-02-06,1.49,4650,John Rioja,,2.4,¿Si hoy fueran las elecciones para gobernador?,,95,,True,,1445264
699896cebe6900b85738,Primera encuesta de opinión IPSOS - CIESMORI - Gobernacion de Cochabamba,698398675bb38121fa86,Departamento de Cochabamba,698614d000339f39a826,CIEMCORP S.R.L. (Ipsos Ciesmori),2026-02-15,2026-02-06,1.49,4650,6985961a00096aec1ecb,Esther Soria Gonzales,2.2,¿Si hoy fueran las elecciones para gobernador?,,95,,True,,1445264
699896cebe6900b85738,Primera encuesta de opinión IPSOS - CIESMORI - Gobernacion de Cochabamba,698398675bb38121fa86,Departamento de Cochabamba,698614d000339f39a826,CIEMCORP S.R.L. (Ipsos Ciesmori),2026-02-15,2026-02-06,1.49,4650,Jose Arispe,,2,¿Si hoy fueran las elecciones para gobernador?,,95,,True,,1445264
699896cebe6900b85738,Primera encuesta de opinión IPSOS - CIESMORI - Gobernacion de Cochabamba,698398675bb38121fa86,Departamento de Cochabamba,698614d000339f39a826,CIEMCORP S.R.L. (Ipsos Ciesmori),2026-02-15,2026-02-06,1.49,4650,69858b4400372417a298,Ruth Alina Peralta Calvimontes,0.6,¿Si hoy fueran las elecciones para gobernador?,,95,,True,,1445264
699896cebe6900b85738,Primera encuesta de opinión IPSOS - CIESMORI - Gobernacion de Cochabamba,698398675bb38121fa86,Departamento de Cochabamba,698614d000339f39a826,CIEMCORP S.R.L. (Ipsos Ciesmori),2026-02-15,2026-02-06,1.49,4650,699de867b4edd88ebf7a,Voto Blanco,11.4,¿Si hoy fueran las elecciones para gobernador?,,95,,True,,1445264
699896cebe6900b85738,Primera encuesta de opinión IPSOS - CIESMORI - Gobernacion de Cochabamba,698398675bb38121fa86,Departamento de Cochabamba,698614d000339f39a826,CIEMCORP S.R.L. (Ipsos Ciesmori),2026-02-15,2026-02-06,1.49,4650,699de9885434183c4583,Voto Nulo,20.7,¿Si hoy fueran las elecciones para gobernador?,,95,,True,,1445264
699896cebe6900b85738,Primera encuesta de opinión IPSOS - CIESMORI - Gobernacion de Cochabamba,698398675bb38121fa86,Departamento de Cochabamba,698614d000339f39a826,CIEMCORP S.R.L. (Ipsos Ciesmori),2026-02-15,2026-02-06,1.49,4650,698fecf5b6f1138877b6,Voto Indeciso,16.4,¿Si hoy fueran las elecciones para gobernador?,,95,,True,,1445264
69989a8aef5b907305e7,Primera encuesta de opinión IPSOS - CIESMORI - Gobernacion de Santa Cruz,69839869e17caed5adf0,Departamento de Santa Cruz,698614d000339f39a826,CIEMCORP S.R.L. (Ipsos Ciesmori),2026-02-15,2026-02-06,1.5,4285,69857f8f002cbf3376a2,Juan Pablo Velasco Dalence,19,¿Si hoy fueran las elecciones para gobernador?,,95,,True,,2180417
69989a8aef5b907305e7,Primera encuesta de opinión IPSOS - CIESMORI - Gobernacion de Santa Cruz,69839869e17caed5adf0,Departamento de Santa Cruz,698614d000339f39a826,CIEMCORP S.R.L. (Ipsos Ciesmori),2026-02-15,2026-02-06,1.5,4285,6985883000175d11c21c,Luis Fernando Camacho Vaca,29.3,¿Si hoy fueran las elecciones para gobernador?,,95,,True,,2180417
69989a8aef5b907305e7,Primera encuesta de opinión IPSOS - CIESMORI - Gobernacion de Santa Cruz,69839869e17caed5adf0,Departamento de Santa Cruz,698614d000339f39a826,CIEMCORP S.R.L. (Ipsos Ciesmori),2026-02-15,2026-02-06,1.5,4285,698581100005d056c487,Otto Andres Ritter Mendez,8.7,¿Si hoy fueran las elecciones para gobernador?,,95,,True,,2180417
69989a8aef5b907305e7,Primera encuesta de opinión IPSOS - CIESMORI - Gobernacion de Santa Cruz,69839869e17caed5adf0,Departamento de Santa Cruz,698614d000339f39a826,CIEMCORP S.R.L. (Ipsos Ciesmori),2026-02-15,2026-02-06,1.5,4285,Branko Marinkovic,,5.9,¿Si hoy fueran las elecciones para gobernador?,,95,,True,,2180417
69989a8aef5b907305e7,Primera encuesta de opinión IPSOS - CIESMORI - Gobernacion de Santa Cruz,69839869e17caed5adf0,Departamento de Santa Cruz,698614d000339f39a826,CIEMCORP S.R.L. (Ipsos Ciesmori),2026-02-15,2026-02-06,1.5,4285,698584f000224e892f07,Chi Hyun Chung,2.2,¿Si hoy fueran las elecciones para gobernador?,,95,,True,,2180417
69989a8aef5b907305e7,Primera encuesta de opinión IPSOS - CIESMORI - Gobernacion de Santa Cruz,69839869e17caed5adf0,Departamento de Santa Cruz,698614d000339f39a826,CIEMCORP S.R.L. (Ipsos Ciesmori),2026-02-15,2026-02-06,1.5,4285,69858a99002bc6801bb4,Guido Eduardo Nayar Parada,0.1,¿Si hoy fueran las elecciones para gobernador?,,95,,True,,2180417
69989a8aef5b907305e7,Primera encuesta de opinión IPSOS - CIESMORI - Gobernacion de Santa Cruz,69839869e17caed5adf0,Departamento de Santa Cruz,698614d000339f39a826,CIEMCORP S.R.L. (Ipsos Ciesmori),2026-02-15,2026-02-06,1.5,4285,698585ef000ec7a6de16,Vladimir Ariel Peña Virhuez,0,¿Si hoy fueran las elecciones para gobernador?,,95,,True,,2180417
69989a8aef5b907305e7,Primera encuesta de opinión IPSOS - CIESMORI - Gobernacion de Santa Cruz,69839869e17caed5adf0,Departamento de Santa Cruz,698614d000339f39a826,CIEMCORP S.R.L. (Ipsos Ciesmori),2026-02-15,2026-02-06,1.5,4285,6985836b002234025353,Miguel Cadima Castro,0,¿Si hoy fueran las elecciones para gobernador?,,95,,True,,2180417
69989a8aef5b907305e7,Primera encuesta de opinión IPSOS - CIESMORI - Gobernacion de Santa Cruz,69839869e17caed5adf0,Departamento de Santa Cruz,698614d000339f39a826,CIEMCORP S.R.L. (Ipsos Ciesmori),2026-02-15,2026-02-06,1.5,4285,6985866300079dc2efa6,Julio Cesar Torrez Tapia,0,¿Si hoy fueran las elecciones para gobernador?,,95,,True,,2180417
69989a8aef5b907305e7,Primera encuesta de opinión IPSOS - CIESMORI - Gobernacion de Santa Cruz,69839869e17caed5adf0,Departamento de Santa Cruz,698614d000339f39a826,CIEMCORP S.R.L. (Ipsos Ciesmori),2026-02-15,2026-02-06,1.5,4285,Eduardo Pereira,,0,¿Si hoy fueran las elecciones para gobernador?,,95,,True,,2180417
69989a8aef5b907305e7,Primera encuesta de opinión IPSOS - CIESMORI - Gobernacion de Santa Cruz,69839869e17caed5adf0,Departamento de Santa Cruz,698614d000339f39a826,CIEMCORP S.R.L. (Ipsos Ciesmori),2026-02-15,2026-02-06,1.5,4285,698581df00351027191b,Mauricio Quezada Mostajo,0,¿Si hoy fueran las elecciones para gobernador?,,95,,True,,2180417
69989a8aef5b907305e7,Primera encuesta de opinión IPSOS - CIESMORI - Gobernacion de Santa Cruz,69839869e17caed5adf0,Departamento de Santa Cruz,698614d000339f39a826,CIEMCORP S.R.L. (Ipsos Ciesmori),2026-02-15,2026-02-06,1.5,4285,699de867b4edd88ebf7a,Voto Blanco,4.7,¿Si hoy fueran las elecciones para gobernador?,,95,,True,,2180417
69989a8aef5b907305e7,Primera encuesta de opinión IPSOS - CIESMORI - Gobernacion de Santa Cruz,69839869e17caed5adf0,Departamento de Santa Cruz,698614d000339f39a826,CIEMCORP S.R.L. (Ipsos Ciesmori),2026-02-15,2026-02-06,1.5,4285,699de9885434183c4583,Voto Nulo,8,¿Si hoy fueran las elecciones para gobernador?,,95,,True,,2180417
69989a8aef5b907305e7,Primera encuesta de opinión IPSOS - CIESMORI - Gobernacion de Santa Cruz,69839869e17caed5adf0,Departamento de Santa Cruz,698614d000339f39a826,CIEMCORP S.R.L. (Ipsos Ciesmori),2026-02-15,2026-02-06,1.5,4285,698fecf5b6f1138877b6,Voto Indeciso,17.3,¿Si hoy fueran las elecciones para gobernador?,,95,,True,,2180417
69989aa86ff300cc19a8,Primera encuesta de opinión IPSOS - CIESMORI - Alcaldia de La Paz,69839a1ea14be0c0f130,Municipio de Nuestra Señora de La Paz,698614d000339f39a826,CIEMCORP S.R.L. (Ipsos Ciesmori),2026-02-15,2026-02-06,2,2401,698feee7df236c93676a,Voto Ninguno,35,,,95,,True,655971,596678
69989aa86ff300cc19a8,Primera encuesta de opinión IPSOS - CIESMORI - Alcaldia de La Paz,69839a1ea14be0c0f130,Municipio de Nuestra Señora de La Paz,698614d000339f39a826,CIEMCORP S.R.L. (Ipsos Ciesmori),2026-02-15,2026-02-06,2,2401,698feee7df236c93676a,Voto Ninguno,35,,,95,,True,639803,596678
69989aa86ff300cc19a8,Primera encuesta de opinión IPSOS - CIESMORI - Alcaldia de La Paz,69839a1ea14be0c0f130,Municipio de Nuestra Señora de La Paz,698614d000339f39a826,CIEMCORP S.R.L. (Ipsos Ciesmori),2026-02-15,2026-02-06,2,2401,698fecf5b6f1138877b6,Voto Indeciso,34,,,95,,True,655971,596678
69989aa86ff300cc19a8,Primera encuesta de opinión IPSOS - CIESMORI - Alcaldia de La Paz,69839a1ea14be0c0f130,Municipio de Nuestra Señora de La Paz,698614d000339f39a826,CIEMCORP S.R.L. (Ipsos Ciesmori),2026-02-15,2026-02-06,2,2401,698fecf5b6f1138877b6,Voto Indeciso,34,,,95,,True,639803,596678
69989aa86ff300cc19a8,Primera encuesta de opinión IPSOS - CIESMORI - Alcaldia de La Paz,69839a1ea14be0c0f130,Municipio de Nuestra Señora de La Paz,698614d000339f39a826,CIEMCORP S.R.L. (Ipsos Ciesmori),2026-02-15,2026-02-06,2,2401,69989c4eaacb9d6a5356,No sabe / No responde,4,,,95,,True,655971,596678
69989aa86ff300cc19a8,Primera encuesta de opinión IPSOS - CIESMORI - Alcaldia de La Paz,69839a1ea14be0c0f130,Municipio de Nuestra Señora de La Paz,698614d000339f39a826,CIEMCORP S.R.L. (Ipsos Ciesmori),2026-02-15,2026-02-06,2,2401,69989c4eaacb9d6a5356,No sabe / No responde,4,,,95,,True,639803,596678
69989aa86ff300cc19a8,Primera encuesta de opinión IPSOS - CIESMORI - Alcaldia de La Paz,69839a1ea14be0c0f130,Municipio de Nuestra Señora de La Paz,698614d000339f39a826,CIEMCORP S.R.L. (Ipsos Ciesmori),2026-02-15,2026-02-06,2,2401,69859fe10034b8026e40,Cesar Luis Dockweiler Suarez,21.6,¿Si hoy fueran las elecciones para alcalde?,,95,,True,655971,596678
69989aa86ff300cc19a8,Primera encuesta de opinión IPSOS - CIESMORI - Alcaldia de La Paz,69839a1ea14be0c0f130,Municipio de Nuestra Señora de La Paz,698614d000339f39a826,CIEMCORP S.R.L. (Ipsos Ciesmori),2026-02-15,2026-02-06,2,2401,69859fe10034b8026e40,Cesar Luis Dockweiler Suarez,21.6,¿Si hoy fueran las elecciones para alcalde?,,95,,True,639803,596678
69989aa86ff300cc19a8,Primera encuesta de opinión IPSOS - CIESMORI - Alcaldia de La Paz,69839a1ea14be0c0f130,Municipio de Nuestra Señora de La Paz,698614d000339f39a826,CIEMCORP S.R.L. (Ipsos Ciesmori),2026-02-15,2026-02-06,2,2401,698598e80001a6290e72,Waldo Albarracin Sanchez,11.9,¿Si hoy fueran las elecciones para alcalde?,,95,,True,655971,596678
69989aa86ff300cc19a8,Primera encuesta de opinión IPSOS - CIESMORI - Alcaldia de La Paz,69839a1ea14be0c0f130,Municipio de Nuestra Señora de La Paz,698614d000339f39a826,CIEMCORP S.R.L. (Ipsos Ciesmori),2026-02-15,2026-02-06,2,2401,698598e80001a6290e72,Waldo Albarracin Sanchez,11.9,¿Si hoy fueran las elecciones para alcalde?,,95,,True,639803,596678
69989aa86ff300cc19a8,Primera encuesta de opinión IPSOS - CIESMORI - Alcaldia de La Paz,69839a1ea14be0c0f130,Municipio de Nuestra Señora de La Paz,698614d000339f39a826,CIEMCORP S.R.L. (Ipsos Ciesmori),2026-02-15,2026-02-06,2,2401,6985a854000f96009c52,Oscar Manuel Sogliano Helguero,11.7,¿Si hoy fueran las elecciones para alcalde?,,95,,True,655971,596678
69989aa86ff300cc19a8,Primera encuesta de opinión IPSOS - CIESMORI - Alcaldia de La Paz,69839a1ea14be0c0f130,Municipio de Nuestra Señora de La Paz,698614d000339f39a826,CIEMCORP S.R.L. (Ipsos Ciesmori),2026-02-15,2026-02-06,2,2401,6985a854000f96009c52,Oscar Manuel Sogliano Helguero,11.7,¿Si hoy fueran las elecciones para alcalde?,,95,,True,639803,596678
69989aa86ff300cc19a8,Primera encuesta de opinión IPSOS - CIESMORI - Alcaldia de La Paz,69839a1ea14be0c0f130,Municipio de Nuestra Señora de La Paz,698614d000339f39a826,CIEMCORP S.R.L. (Ipsos Ciesmori),2026-02-15,2026-02-06,2,2401,6985a8d2002dc8145bd7,Hernan Ivan Arias Duran,10.8,¿Si hoy fueran las elecciones para alcalde?,,95,,True,655971,596678
69989aa86ff300cc19a8,Primera encuesta de opinión IPSOS - CIESMORI - Alcaldia de La Paz,69839a1ea14be0c0f130,Municipio de Nuestra Señora de La Paz,698614d000339f39a826,CIEMCORP S.R.L. (Ipsos Ciesmori),2026-02-15,2026-02-06,2,2401,6985a8d2002dc8145bd7,Hernan Ivan Arias Duran,10.8,¿Si hoy fueran las elecciones para alcalde?,,95,,True,639803,596678
69989aa86ff300cc19a8,Primera encuesta de opinión IPSOS - CIESMORI - Alcaldia de La Paz,69839a1ea14be0c0f130,Municipio de Nuestra Señora de La Paz,698614d000339f39a826,CIEMCORP S.R.L. (Ipsos Ciesmori),2026-02-15,2026-02-06,2,2401,6985980d00236ce4ff5c,Jhonny Dario Plata Chalar,7.2,¿Si hoy fueran las elecciones para alcalde?,,95,,True,655971,596678
69989aa86ff300cc19a8,Primera encuesta de opinión IPSOS - CIESMORI - Alcaldia de La Paz,69839a1ea14be0c0f130,Municipio de Nuestra Señora de La Paz,698614d000339f39a826,CIEMCORP S.R.L. (Ipsos Ciesmori),2026-02-15,2026-02-06,2,2401,6985980d00236ce4ff5c,Jhonny Dario Plata Chalar,7.2,¿Si hoy fueran las elecciones para alcalde?,,95,,True,639803,596678
69989aa86ff300cc19a8,Primera encuesta de opinión IPSOS - CIESMORI - Alcaldia de La Paz,69839a1ea14be0c0f130,Municipio de Nuestra Señora de La Paz,698614d000339f39a826,CIEMCORP S.R.L. (Ipsos Ciesmori),2026-02-15,2026-02-06,2,2401,69859a5d00053ac87cc1,Francisco Xavier Iturralde Torrico,6.4,¿Si hoy fueran las elecciones para alcalde?,,95,,True,655971,596678
69989aa86ff300cc19a8,Primera encuesta de opinión IPSOS - CIESMORI - Alcaldia de La Paz,69839a1ea14be0c0f130,Municipio de Nuestra Señora de La Paz,698614d000339f39a826,CIEMCORP S.R.L. (Ipsos Ciesmori),2026-02-15,2026-02-06,2,2401,69859a5d00053ac87cc1,Francisco Xavier Iturralde Torrico,6.4,¿Si hoy fueran las elecciones para alcalde?,,95,,True,639803,596678
69989aa86ff300cc19a8,Primera encuesta de opinión IPSOS - CIESMORI - Alcaldia de La Paz,69839a1ea14be0c0f130,Municipio de Nuestra Señora de La Paz,698614d000339f39a826,CIEMCORP S.R.L. (Ipsos Ciesmori),2026-02-15,2026-02-06,2,2401,69859ea1003e28cc1b41,Carlos Eduardo Palenque Monroy,4.6,¿Si hoy fueran las elecciones para alcalde?,,95,,True,655971,596678
69989aa86ff300cc19a8,Primera encuesta de opinión IPSOS - CIESMORI - Alcaldia de La Paz,69839a1ea14be0c0f130,Municipio de Nuestra Señora de La Paz,698614d000339f39a826,CIEMCORP S.R.L. (Ipsos Ciesmori),2026-02-15,2026-02-06,2,2401,69859ea1003e28cc1b41,Carlos Eduardo Palenque Monroy,4.6,¿Si hoy fueran las elecciones para alcalde?,,95,,True,639803,596678
69989aa86ff300cc19a8,Primera encuesta de opinión IPSOS - CIESMORI - Alcaldia de La Paz,69839a1ea14be0c0f130,Municipio de Nuestra Señora de La Paz,698614d000339f39a826,CIEMCORP S.R.L. (Ipsos Ciesmori),2026-02-15,2026-02-06,2,2401,6985a8a9000a5a6c22c4,Carlos Nemo Rivero Auza,1,¿Si hoy fueran las elecciones para alcalde?,,95,,True,655971,596678
69989aa86ff300cc19a8,Primera encuesta de opinión IPSOS - CIESMORI - Alcaldia de La Paz,69839a1ea14be0c0f130,Municipio de Nuestra Señora de La Paz,698614d000339f39a826,CIEMCORP S.R.L. (Ipsos Ciesmori),2026-02-15,2026-02-06,2,2401,6985a8a9000a5a6c22c4,Carlos Nemo Rivero Auza,1,¿Si hoy fueran las elecciones para alcalde?,,95,,True,639803,596678
69989aa86ff300cc19a8,Primera encuesta de opinión IPSOS - CIESMORI - Alcaldia de La Paz,69839a1ea14be0c0f130,Municipio de Nuestra Señora de La Paz,698614d000339f39a826,CIEMCORP S.R.L. (Ipsos Ciesmori),2026-02-15,2026-02-06,2,2401,Mario Silva,,1,¿Si hoy fueran las elecciones para alcalde?,,95,,True,655971,596678
69989aa86ff300cc19a8,Primera encuesta de opinión IPSOS - CIESMORI - Alcaldia de La Paz,69839a1ea14be0c0f130,Municipio de Nuestra Señora de La Paz,698614d000339f39a826,CIEMCORP S.R.L. (Ipsos Ciesmori),2026-02-15,2026-02-06,2,2401,Mario Silva,,1,¿Si hoy fueran las elecciones para alcalde?,,95,,True,639803,596678
69989aa86ff300cc19a8,Primera encuesta de opinión IPSOS - CIESMORI - Alcaldia de La Paz,69839a1ea14be0c0f130,Municipio de Nuestra Señora de La Paz,698614d000339f39a826,CIEMCORP S.R.L. (Ipsos Ciesmori),2026-02-15,2026-02-06,2,2401,69859c5500231ec9dcf3,Luis Eduardo Siles Perez,0.6,¿Si hoy fueran las elecciones para alcalde?,,95,,True,655971,596678
69989aa86ff300cc19a8,Primera encuesta de opinión IPSOS - CIESMORI - Alcaldia de La Paz,69839a1ea14be0c0f130,Municipio de Nuestra Señora de La Paz,698614d000339f39a826,CIEMCORP S.R.L. (Ipsos Ciesmori),2026-02-15,2026-02-06,2,2401,69859c5500231ec9dcf3,Luis Eduardo Siles Perez,0.6,¿Si hoy fueran las elecciones para alcalde?,,95,,True,639803,596678
69989aa86ff300cc19a8,Primera encuesta de opinión IPSOS - CIESMORI - Alcaldia de La Paz,69839a1ea14be0c0f130,Municipio de Nuestra Señora de La Paz,698614d000339f39a826,CIEMCORP S.R.L. (Ipsos Ciesmori),2026-02-15,2026-02-06,2,2401,69859b6e0024aab964b6,Miguel Antonio Roca Sanchez,0.6,¿Si hoy fueran las elecciones para alcalde?,,95,,True,655971,596678
69989aa86ff300cc19a8,Primera encuesta de opinión IPSOS - CIESMORI - Alcaldia de La Paz,69839a1ea14be0c0f130,Municipio de Nuestra Señora de La Paz,698614d000339f39a826,CIEMCORP S.R.L. (Ipsos Ciesmori),2026-02-15,2026-02-06,2,2401,69859b6e0024aab964b6,Miguel Antonio Roca Sanchez,0.6,¿Si hoy fueran las elecciones para alcalde?,,95,,True,639803,596678
69989aa86ff300cc19a8,Primera encuesta de opinión IPSOS - CIESMORI - Alcaldia de La Paz,69839a1ea14be0c0f130,Municipio de Nuestra Señora de La Paz,698614d000339f39a826,CIEMCORP S.R.L. (Ipsos Ciesmori),2026-02-15,2026-02-06,2,2401,6985a77500074567cf33,Ricardo Eloy Cuevas Vera,0.4,¿Si hoy fueran las elecciones para alcalde?,,95,,True,655971,596678
69989aa86ff300cc19a8,Primera encuesta de opinión IPSOS - CIESMORI - Alcaldia de La Paz,69839a1ea14be0c0f130,Municipio de Nuestra Señora de La Paz,698614d000339f39a826,CIEMCORP S.R.L. (Ipsos Ciesmori),2026-02-15,2026-02-06,2,2401,6985a77500074567cf33,Ricardo Eloy Cuevas Vera,0.4,¿Si hoy fueran las elecciones para alcalde?,,95,,True,639803,596678
69989aa86ff300cc19a8,Primera encuesta de opinión IPSOS - CIESMORI - Alcaldia de La Paz,69839a1ea14be0c0f130,Municipio de Nuestra Señora de La Paz,698614d000339f39a826,CIEMCORP S.R.L. (Ipsos Ciesmori),2026-02-15,2026-02-06,2,2401,6985a6330013a4641c7a,Hernan Rodrigo Rivera Nava,0.3,¿Si hoy fueran las elecciones para alcalde?,,95,,True,655971,596678
69989aa86ff300cc19a8,Primera encuesta de opinión IPSOS - CIESMORI - Alcaldia de La Paz,69839a1ea14be0c0f130,Municipio de Nuestra Señora de La Paz,698614d000339f39a826,CIEMCORP S.R.L. (Ipsos Ciesmori),2026-02-15,2026-02-06,2,2401,6985a6330013a4641c7a,Hernan Rodrigo Rivera Nava,0.3,¿Si hoy fueran las elecciones para alcalde?,,95,,True,639803,596678
69989aa86ff300cc19a8,Primera encuesta de opinión IPSOS - CIESMORI - Alcaldia de La Paz,69839a1ea14be0c0f130,Municipio de Nuestra Señora de La Paz,698614d000339f39a826,CIEMCORP S.R.L. (Ipsos Ciesmori),2026-02-15,2026-02-06,2,2401,6985a1eb0017bb8d43df,Raul Daza Quiroga,0.3,¿Si hoy fueran las elecciones para alcalde?,,95,,True,655971,596678
69989aa86ff300cc19a8,Primera encuesta de opinión IPSOS - CIESMORI - Alcaldia de La Paz,69839a1ea14be0c0f130,Municipio de Nuestra Señora de La Paz,698614d000339f39a826,CIEMCORP S.R.L. (Ipsos Ciesmori),2026-02-15,2026-02-06,2,2401,6985a1eb0017bb8d43df,Raul Daza Quiroga,0.3,¿Si hoy fueran las elecciones para alcalde?,,95,,True,639803,596678
69989aa86ff300cc19a8,Primera encuesta de opinión IPSOS - CIESMORI - Alcaldia de La Paz,69839a1ea14be0c0f130,Municipio de Nuestra Señora de La Paz,698614d000339f39a826,CIEMCORP S.R.L. (Ipsos Ciesmori),2026-02-15,2026-02-06,2,2401,6985a112000a714218c7,Fernando Henrry Valencia Aguilera,0.2,¿Si hoy fueran las elecciones para alcalde?,,95,,True,655971,596678
69989aa86ff300cc19a8,Primera encuesta de opinión IPSOS - CIESMORI - Alcaldia de La Paz,69839a1ea14be0c0f130,Municipio de Nuestra Señora de La Paz,698614d000339f39a826,CIEMCORP S.R.L. (Ipsos Ciesmori),2026-02-15,2026-02-06,2,2401,6985a112000a714218c7,Fernando Henrry Valencia Aguilera,0.2,¿Si hoy fueran las elecciones para alcalde?,,95,,True,639803,596678
69989aa86ff300cc19a8,Primera encuesta de opinión IPSOS - CIESMORI - Alcaldia de La Paz,69839a1ea14be0c0f130,Municipio de Nuestra Señora de La Paz,698614d000339f39a826,CIEMCORP S.R.L. (Ipsos Ciesmori),2026-02-15,2026-02-06,2,2401,6985a3660032a69d956e,Jorge Dulon Fernandez,0.2,¿Si hoy fueran las elecciones para alcalde?,,95,,True,655971,596678
69989aa86ff300cc19a8,Primera encuesta de opinión IPSOS - CIESMORI - Alcaldia de La Paz,69839a1ea14be0c0f130,Municipio de Nuestra Señora de La Paz,698614d000339f39a826,CIEMCORP S.R.L. (Ipsos Ciesmori),2026-02-15,2026-02-06,2,2401,6985a3660032a69d956e,Jorge Dulon Fernandez,0.2,¿Si hoy fueran las elecciones para alcalde?,,95,,True,639803,596678
69989aa86ff300cc19a8,Primera encuesta de opinión IPSOS - CIESMORI - Alcaldia de La Paz,69839a1ea14be0c0f130,Municipio de Nuestra Señora de La Paz,698614d000339f39a826,CIEMCORP S.R.L. (Ipsos Ciesmori),2026-02-15,2026-02-06,2,2401,69859f46001600112927,Isaac Felipe Fernandez Cano,0.1,¿Si hoy fueran las elecciones para alcalde?,,95,,True,655971,596678
69989aa86ff300cc19a8,Primera encuesta de opinión IPSOS - CIESMORI - Alcaldia de La Paz,69839a1ea14be0c0f130,Municipio de Nuestra Señora de La Paz,698614d000339f39a826,CIEMCORP S.R.L. (Ipsos Ciesmori),2026-02-15,2026-02-06,2,2401,69859f46001600112927,Isaac Felipe Fernandez Cano,0.1,¿Si hoy fueran las elecciones para alcalde?,,95,,True,639803,596678
69989aa86ff300cc19a8,Primera encuesta de opinión IPSOS - CIESMORI - Alcaldia de La Paz,69839a1ea14be0c0f130,Municipio de Nuestra Señora de La Paz,698614d000339f39a826,CIEMCORP S.R.L. (Ipsos Ciesmori),2026-02-15,2026-02-06,2,2401,699de867b4edd88ebf7a,Voto Blanco,4,¿Si hoy fueran las elecciones para alcalde?,,95,,True,655971,596678
69989aa86ff300cc19a8,Primera encuesta de opinión IPSOS - CIESMORI - Alcaldia de La Paz,69839a1ea14be0c0f130,Municipio de Nuestra Señora de La Paz,698614d000339f39a826,CIEMCORP S.R.L. (Ipsos Ciesmori),2026-02-15,2026-02-06,2,2401,699de867b4edd88ebf7a,Voto Blanco,4,¿Si hoy fueran las elecciones para alcalde?,,95,,True,639803,596678
69989aa86ff300cc19a8,Primera encuesta de opinión IPSOS - CIESMORI - Alcaldia de La Paz,69839a1ea14be0c0f130,Municipio de Nuestra Señora de La Paz,698614d000339f39a826,CIEMCORP S.R.L. (Ipsos Ciesmori),2026-02-15,2026-02-06,2,2401,699de9885434183c4583,Voto Nulo,7.2,¿Si hoy fueran las elecciones para alcalde?,,95,,True,655971,596678
69989aa86ff300cc19a8,Primera encuesta de opinión IPSOS - CIESMORI - Alcaldia de La Paz,69839a1ea14be0c0f130,Municipio de Nuestra Señora de La Paz,698614d000339f39a826,CIEMCORP S.R.L. (Ipsos Ciesmori),2026-02-15,2026-02-06,2,2401,699de9885434183c4583,Voto Nulo,7.2,¿Si hoy fueran las elecciones para alcalde?,,95,,True,639803,596678
69989aa86ff300cc19a8,Primera encuesta de opinión IPSOS - CIESMORI - Alcaldia de La Paz,69839a1ea14be0c0f130,Municipio de Nuestra Señora de La Paz,698614d000339f39a826,CIEMCORP S.R.L. (Ipsos Ciesmori),2026-02-15,2026-02-06,2,2401,698fecf5b6f1138877b6,Voto Indeciso,9.8,¿Si hoy fueran las elecciones para alcalde?,,95,,True,655971,596678
69989aa86ff300cc19a8,Primera encuesta de opinión IPSOS - CIESMORI - Alcaldia de La Paz,69839a1ea14be0c0f130,Municipio de Nuestra Señora de La Paz,698614d000339f39a826,CIEMCORP S.R.L. (Ipsos Ciesmori),2026-02-15,2026-02-06,2,2401,698fecf5b6f1138877b6,Voto Indeciso,9.8,¿Si hoy fueran las elecciones para alcalde?,,95,,True,639803,596678
69989ab4e78ffe344ece,Primera encuesta de opinión IPSOS - CIESMORI - Alcaldia de El Alto,698398f5670464b78148,Municipio de El Alto,698614d000339f39a826,CIEMCORP S.R.L. (Ipsos Ciesmori),2026-02-15,2026-02-06,2,2401,698feee7df236c93676a,Voto Ninguno,56,,,95,,True,760402,633783
69989ab4e78ffe344ece,Primera encuesta de opinión IPSOS - CIESMORI - Alcaldia de El Alto,698398f5670464b78148,Municipio de El Alto,698614d000339f39a826,CIEMCORP S.R.L. (Ipsos Ciesmori),2026-02-15,2026-02-06,2,2401,698feee7df236c93676a,Voto Ninguno,56,,,95,,True,749724,633783
69989ab4e78ffe344ece,Primera encuesta de opinión IPSOS - CIESMORI - Alcaldia de El Alto,698398f5670464b78148,Municipio de El Alto,698614d000339f39a826,CIEMCORP S.R.L. (Ipsos Ciesmori),2026-02-15,2026-02-06,2,2401,698fecf5b6f1138877b6,Voto Indeciso,25,,,95,,True,760402,633783
69989ab4e78ffe344ece,Primera encuesta de opinión IPSOS - CIESMORI - Alcaldia de El Alto,698398f5670464b78148,Municipio de El Alto,698614d000339f39a826,CIEMCORP S.R.L. (Ipsos Ciesmori),2026-02-15,2026-02-06,2,2401,698fecf5b6f1138877b6,Voto Indeciso,25,,,95,,True,749724,633783
69989ab4e78ffe344ece,Primera encuesta de opinión IPSOS - CIESMORI - Alcaldia de El Alto,698398f5670464b78148,Municipio de El Alto,698614d000339f39a826,CIEMCORP S.R.L. (Ipsos Ciesmori),2026-02-15,2026-02-06,2,2401,69989c4eaacb9d6a5356,No sabe / No responde,6,,,95,,True,760402,633783
69989ab4e78ffe344ece,Primera encuesta de opinión IPSOS - CIESMORI - Alcaldia de El Alto,698398f5670464b78148,Municipio de El Alto,698614d000339f39a826,CIEMCORP S.R.L. (Ipsos Ciesmori),2026-02-15,2026-02-06,2,2401,69989c4eaacb9d6a5356,No sabe / No responde,6,,,95,,True,749724,633783
69989ab4e78ffe344ece,Primera encuesta de opinión IPSOS - CIESMORI - Alcaldia de El Alto,698398f5670464b78148,Municipio de El Alto,698614d000339f39a826,CIEMCORP S.R.L. (Ipsos Ciesmori),2026-02-15,2026-02-06,2,2401,69859c5e0029b48c09cd,Eliser Nemesio Roca Tancara,6.7,¿Si hoy fueran las elecciones para alcalde?,,95,,True,760402,633783
69989ab4e78ffe344ece,Primera encuesta de opinión IPSOS - CIESMORI - Alcaldia de El Alto,698398f5670464b78148,Municipio de El Alto,698614d000339f39a826,CIEMCORP S.R.L. (Ipsos Ciesmori),2026-02-15,2026-02-06,2,2401,69859c5e0029b48c09cd,Eliser Nemesio Roca Tancara,6.7,¿Si hoy fueran las elecciones para alcalde?,,95,,True,749724,633783
69989ab4e78ffe344ece,Primera encuesta de opinión IPSOS - CIESMORI - Alcaldia de El Alto,698398f5670464b78148,Municipio de El Alto,698614d000339f39a826,CIEMCORP S.R.L. (Ipsos Ciesmori),2026-02-15,2026-02-06,2,2401,6985a052002fb6a7cea2,David Simon  Vargas,5.8,¿Si hoy fueran las elecciones para alcalde?,,95,,True,760402,633783
69989ab4e78ffe344ece,Primera encuesta de opinión IPSOS - CIESMORI - Alcaldia de El Alto,698398f5670464b78148,Municipio de El Alto,698614d000339f39a826,CIEMCORP S.R.L. (Ipsos Ciesmori),2026-02-15,2026-02-06,2,2401,6985a052002fb6a7cea2,David Simon  Vargas,5.8,¿Si hoy fueran las elecciones para alcalde?,,95,,True,749724,633783
69989ab4e78ffe344ece,Primera encuesta de opinión IPSOS - CIESMORI - Alcaldia de El Alto,698398f5670464b78148,Municipio de El Alto,698614d000339f39a826,CIEMCORP S.R.L. (Ipsos Ciesmori),2026-02-15,2026-02-06,2,2401,69859814000c577d59b5,Tahuichi Tahuichi Quispe,5.1,¿Si hoy fueran las elecciones para alcalde?,,95,,True,760402,633783
69989ab4e78ffe344ece,Primera encuesta de opinión IPSOS - CIESMORI - Alcaldia de El Alto,698398f5670464b78148,Municipio de El Alto,698614d000339f39a826,CIEMCORP S.R.L. (Ipsos Ciesmori),2026-02-15,2026-02-06,2,2401,69859814000c577d59b5,Tahuichi Tahuichi Quispe,5.1,¿Si hoy fueran las elecciones para alcalde?,,95,,True,749724,633783
69989ab4e78ffe344ece,Primera encuesta de opinión IPSOS - CIESMORI - Alcaldia de El Alto,698398f5670464b78148,Municipio de El Alto,698614d000339f39a826,CIEMCORP S.R.L. (Ipsos Ciesmori),2026-02-15,2026-02-06,2,2401,Freddy Mamani,,3.5,¿Si hoy fueran las elecciones para alcalde?,,95,,True,760402,633783
69989ab4e78ffe344ece,Primera encuesta de opinión IPSOS - CIESMORI - Alcaldia de El Alto,698398f5670464b78148,Municipio de El Alto,698614d000339f39a826,CIEMCORP S.R.L. (Ipsos Ciesmori),2026-02-15,2026-02-06,2,2401,Freddy Mamani,,3.5,¿Si hoy fueran las elecciones para alcalde?,,95,,True,749724,633783
69989ab4e78ffe344ece,Primera encuesta de opinión IPSOS - CIESMORI - Alcaldia de El Alto,698398f5670464b78148,Municipio de El Alto,698614d000339f39a826,CIEMCORP S.R.L. (Ipsos Ciesmori),2026-02-15,2026-02-06,2,2401,Néstor Yujra,,3,¿Si hoy fueran las elecciones para alcalde?,,95,,True,760402,633783
69989ab4e78ffe344ece,Primera encuesta de opinión IPSOS - CIESMORI - Alcaldia de El Alto,698398f5670464b78148,Municipio de El Alto,698614d000339f39a826,CIEMCORP S.R.L. (Ipsos Ciesmori),2026-02-15,2026-02-06,2,2401,Néstor Yujra,,3,¿Si hoy fueran las elecciones para alcalde?,,95,,True,749724,633783
69989ab4e78ffe344ece,Primera encuesta de opinión IPSOS - CIESMORI - Alcaldia de El Alto,698398f5670464b78148,Municipio de El Alto,698614d000339f39a826,CIEMCORP S.R.L. (Ipsos Ciesmori),2026-02-15,2026-02-06,2,2401,Gabriel Mamani,,2.5,¿Si hoy fueran las elecciones para alcalde?,,95,,True,760402,633783
69989ab4e78ffe344ece,Primera encuesta de opinión IPSOS - CIESMORI - Alcaldia de El Alto,698398f5670464b78148,Municipio de El Alto,698614d000339f39a826,CIEMCORP S.R.L. (Ipsos Ciesmori),2026-02-15,2026-02-06,2,2401,Gabriel Mamani,,2.5,¿Si hoy fueran las elecciones para alcalde?,,95,,True,749724,633783
69989ab4e78ffe344ece,Primera encuesta de opinión IPSOS - CIESMORI - Alcaldia de El Alto,698398f5670464b78148,Municipio de El Alto,698614d000339f39a826,CIEMCORP S.R.L. (Ipsos Ciesmori),2026-02-15,2026-02-06,2,2401,6985a77b003bedbfb1e2,Oscar Chirinos Alanoca,2.4,¿Si hoy fueran las elecciones para alcalde?,,95,,True,760402,633783
69989ab4e78ffe344ece,Primera encuesta de opinión IPSOS - CIESMORI - Alcaldia de El Alto,698398f5670464b78148,Municipio de El Alto,698614d000339f39a826,CIEMCORP S.R.L. (Ipsos Ciesmori),2026-02-15,2026-02-06,2,2401,6985a77b003bedbfb1e2,Oscar Chirinos Alanoca,2.4,¿Si hoy fueran las elecciones para alcalde?,,95,,True,749724,633783
69989ab4e78ffe344ece,Primera encuesta de opinión IPSOS - CIESMORI - Alcaldia de El Alto,698398f5670464b78148,Municipio de El Alto,698614d000339f39a826,CIEMCORP S.R.L. (Ipsos Ciesmori),2026-02-15,2026-02-06,2,2401,69859ea3001e5fe85788,Simon Wilmer Galvez Jimenez,2,¿Si hoy fueran las elecciones para alcalde?,,95,,True,760402,633783
69989ab4e78ffe344ece,Primera encuesta de opinión IPSOS - CIESMORI - Alcaldia de El Alto,698398f5670464b78148,Municipio de El Alto,698614d000339f39a826,CIEMCORP S.R.L. (Ipsos Ciesmori),2026-02-15,2026-02-06,2,2401,69859ea3001e5fe85788,Simon Wilmer Galvez Jimenez,2,¿Si hoy fueran las elecciones para alcalde?,,95,,True,749724,633783
69989ab4e78ffe344ece,Primera encuesta de opinión IPSOS - CIESMORI - Alcaldia de El Alto,698398f5670464b78148,Municipio de El Alto,698614d000339f39a826,CIEMCORP S.R.L. (Ipsos Ciesmori),2026-02-15,2026-02-06,2,2401,Sergio Choque,,1.9,¿Si hoy fueran las elecciones para alcalde?,,95,,True,760402,633783
69989ab4e78ffe344ece,Primera encuesta de opinión IPSOS - CIESMORI - Alcaldia de El Alto,698398f5670464b78148,Municipio de El Alto,698614d000339f39a826,CIEMCORP S.R.L. (Ipsos Ciesmori),2026-02-15,2026-02-06,2,2401,Sergio Choque,,1.9,¿Si hoy fueran las elecciones para alcalde?,,95,,True,749724,633783
69989ab4e78ffe344ece,Primera encuesta de opinión IPSOS - CIESMORI - Alcaldia de El Alto,698398f5670464b78148,Municipio de El Alto,698614d000339f39a826,CIEMCORP S.R.L. (Ipsos Ciesmori),2026-02-15,2026-02-06,2,2401,69859e6c002017606f46,Oscar Huanca Salinas,1.7,¿Si hoy fueran las elecciones para alcalde?,,95,,True,760402,633783
69989ab4e78ffe344ece,Primera encuesta de opinión IPSOS - CIESMORI - Alcaldia de El Alto,698398f5670464b78148,Municipio de El Alto,698614d000339f39a826,CIEMCORP S.R.L. (Ipsos Ciesmori),2026-02-15,2026-02-06,2,2401,69859e6c002017606f46,Oscar Huanca Salinas,1.7,¿Si hoy fueran las elecciones para alcalde?,,95,,True,749724,633783
69989ab4e78ffe344ece,Primera encuesta de opinión IPSOS - CIESMORI - Alcaldia de El Alto,698398f5670464b78148,Municipio de El Alto,698614d000339f39a826,CIEMCORP S.R.L. (Ipsos Ciesmori),2026-02-15,2026-02-06,2,2401,69859e86000fbffdf4a1,Pablo Callizaya Ajahuana,1.6,¿Si hoy fueran las elecciones para alcalde?,,95,,True,760402,633783
69989ab4e78ffe344ece,Primera encuesta de opinión IPSOS - CIESMORI - Alcaldia de El Alto,698398f5670464b78148,Municipio de El Alto,698614d000339f39a826,CIEMCORP S.R.L. (Ipsos Ciesmori),2026-02-15,2026-02-06,2,2401,69859e86000fbffdf4a1,Pablo Callizaya Ajahuana,1.6,¿Si hoy fueran las elecciones para alcalde?,,95,,True,749724,633783
69989ab4e78ffe344ece,Primera encuesta de opinión IPSOS - CIESMORI - Alcaldia de El Alto,698398f5670464b78148,Municipio de El Alto,698614d000339f39a826,CIEMCORP S.R.L. (Ipsos Ciesmori),2026-02-15,2026-02-06,2,2401,699e362c0028ecf1b4f8,Fransisco Javier Tarqui Torrez,1.5,¿Si hoy fueran las elecciones para alcalde?,,95,,True,760402,633783
69989ab4e78ffe344ece,Primera encuesta de opinión IPSOS - CIESMORI - Alcaldia de El Alto,698398f5670464b78148,Municipio de El Alto,698614d000339f39a826,CIEMCORP S.R.L. (Ipsos Ciesmori),2026-02-15,2026-02-06,2,2401,699e362c0028ecf1b4f8,Fransisco Javier Tarqui Torrez,1.5,¿Si hoy fueran las elecciones para alcalde?,,95,,True,749724,633783
69989ab4e78ffe344ece,Primera encuesta de opinión IPSOS - CIESMORI - Alcaldia de El Alto,698398f5670464b78148,Municipio de El Alto,698614d000339f39a826,CIEMCORP S.R.L. (Ipsos Ciesmori),2026-02-15,2026-02-06,2,2401,69859a610025c3c16b8a,Wilmer Omar Patti Tito,1.4,¿Si hoy fueran las elecciones para alcalde?,,95,,True,760402,633783
69989ab4e78ffe344ece,Primera encuesta de opinión IPSOS - CIESMORI - Alcaldia de El Alto,698398f5670464b78148,Municipio de El Alto,698614d000339f39a826,CIEMCORP S.R.L. (Ipsos Ciesmori),2026-02-15,2026-02-06,2,2401,69859a610025c3c16b8a,Wilmer Omar Patti Tito,1.4,¿Si hoy fueran las elecciones para alcalde?,,95,,True,749724,633783
69989ab4e78ffe344ece,Primera encuesta de opinión IPSOS - CIESMORI - Alcaldia de El Alto,698398f5670464b78148,Municipio de El Alto,698614d000339f39a826,CIEMCORP S.R.L. (Ipsos Ciesmori),2026-02-15,2026-02-06,2,2401,6985a63b0021382e859c,Esteban Alfredo Pati Pari,1.1,¿Si hoy fueran las elecciones para alcalde?,,95,,True,760402,633783
69989ab4e78ffe344ece,Primera encuesta de opinión IPSOS - CIESMORI - Alcaldia de El Alto,698398f5670464b78148,Municipio de El Alto,698614d000339f39a826,CIEMCORP S.R.L. (Ipsos Ciesmori),2026-02-15,2026-02-06,2,2401,6985a63b0021382e859c,Esteban Alfredo Pati Pari,1.1,¿Si hoy fueran las elecciones para alcalde?,,95,,True,749724,633783
69989ab4e78ffe344ece,Primera encuesta de opinión IPSOS - CIESMORI - Alcaldia de El Alto,698398f5670464b78148,Municipio de El Alto,698614d000339f39a826,CIEMCORP S.R.L. (Ipsos Ciesmori),2026-02-15,2026-02-06,2,2401,Oscar Choque,,0.9,¿Si hoy fueran las elecciones para alcalde?,,95,,True,760402,633783
69989ab4e78ffe344ece,Primera encuesta de opinión IPSOS - CIESMORI - Alcaldia de El Alto,698398f5670464b78148,Municipio de El Alto,698614d000339f39a826,CIEMCORP S.R.L. (Ipsos Ciesmori),2026-02-15,2026-02-06,2,2401,Oscar Choque,,0.9,¿Si hoy fueran las elecciones para alcalde?,,95,,True,749724,633783
69989ab4e78ffe344ece,Primera encuesta de opinión IPSOS - CIESMORI - Alcaldia de El Alto,698398f5670464b78148,Municipio de El Alto,698614d000339f39a826,CIEMCORP S.R.L. (Ipsos Ciesmori),2026-02-15,2026-02-06,2,2401,Eynar Vizcarra,,0.8,¿Si hoy fueran las elecciones para alcalde?,,95,,True,760402,633783
69989ab4e78ffe344ece,Primera encuesta de opinión IPSOS - CIESMORI - Alcaldia de El Alto,698398f5670464b78148,Municipio de El Alto,698614d000339f39a826,CIEMCORP S.R.L. (Ipsos Ciesmori),2026-02-15,2026-02-06,2,2401,Eynar Vizcarra,,0.8,¿Si hoy fueran las elecciones para alcalde?,,95,,True,749724,633783
69989ab4e78ffe344ece,Primera encuesta de opinión IPSOS - CIESMORI - Alcaldia de El Alto,698398f5670464b78148,Municipio de El Alto,698614d000339f39a826,CIEMCORP S.R.L. (Ipsos Ciesmori),2026-02-15,2026-02-06,2,2401,Rury Balldares,,0.7,¿Si hoy fueran las elecciones para alcalde?,,95,,True,760402,633783
69989ab4e78ffe344ece,Primera encuesta de opinión IPSOS - CIESMORI - Alcaldia de El Alto,698398f5670464b78148,Municipio de El Alto,698614d000339f39a826,CIEMCORP S.R.L. (Ipsos Ciesmori),2026-02-15,2026-02-06,2,2401,Rury Balldares,,0.7,¿Si hoy fueran las elecciones para alcalde?,,95,,True,749724,633783
69989ab4e78ffe344ece,Primera encuesta de opinión IPSOS - CIESMORI - Alcaldia de El Alto,698398f5670464b78148,Municipio de El Alto,698614d000339f39a826,CIEMCORP S.R.L. (Ipsos Ciesmori),2026-02-15,2026-02-06,2,2401,6985a3280024e4d4d388,Yoacir Jesus Calamani Barrientos,0.6,¿Si hoy fueran las elecciones para alcalde?,,95,,True,760402,633783
69989ab4e78ffe344ece,Primera encuesta de opinión IPSOS - CIESMORI - Alcaldia de El Alto,698398f5670464b78148,Municipio de El Alto,698614d000339f39a826,CIEMCORP S.R.L. (Ipsos Ciesmori),2026-02-15,2026-02-06,2,2401,6985a3280024e4d4d388,Yoacir Jesus Calamani Barrientos,0.6,¿Si hoy fueran las elecciones para alcalde?,,95,,True,749724,633783
69989ab4e78ffe344ece,Primera encuesta de opinión IPSOS - CIESMORI - Alcaldia de El Alto,698398f5670464b78148,Municipio de El Alto,698614d000339f39a826,CIEMCORP S.R.L. (Ipsos Ciesmori),2026-02-15,2026-02-06,2,2401,699de867b4edd88ebf7a,Voto Blanco,16.9,¿Si hoy fueran las elecciones para alcalde?,,95,,True,760402,633783
69989ab4e78ffe344ece,Primera encuesta de opinión IPSOS - CIESMORI - Alcaldia de El Alto,698398f5670464b78148,Municipio de El Alto,698614d000339f39a826,CIEMCORP S.R.L. (Ipsos Ciesmori),2026-02-15,2026-02-06,2,2401,699de867b4edd88ebf7a,Voto Blanco,16.9,¿Si hoy fueran las elecciones para alcalde?,,95,,True,749724,633783
69989ab4e78ffe344ece,Primera encuesta de opinión IPSOS - CIESMORI - Alcaldia de El Alto,698398f5670464b78148,Municipio de El Alto,698614d000339f39a826,CIEMCORP S.R.L. (Ipsos Ciesmori),2026-02-15,2026-02-06,2,2401,699de9885434183c4583,Voto Nulo,24.1,¿Si hoy fueran las elecciones para alcalde?,,95,,True,760402,633783
69989ab4e78ffe344ece,Primera encuesta de opinión IPSOS - CIESMORI - Alcaldia de El Alto,698398f5670464b78148,Municipio de El Alto,698614d000339f39a826,CIEMCORP S.R.L. (Ipsos Ciesmori),2026-02-15,2026-02-06,2,2401,699de9885434183c4583,Voto Nulo,24.1,¿Si hoy fueran las elecciones para alcalde?,,95,,True,749724,633783
69989ab4e78ffe344ece,Primera encuesta de opinión IPSOS - CIESMORI - Alcaldia de El Alto,698398f5670464b78148,Municipio de El Alto,698614d000339f39a826,CIEMCORP S.R.L. (Ipsos Ciesmori),2026-02-15,2026-02-06,2,2401,698fecf5b6f1138877b6,Voto Indeciso,15.8,¿Si hoy fueran las elecciones para alcalde?,,95,,True,760402,633783
69989ab4e78ffe344ece,Primera encuesta de opinión IPSOS - CIESMORI - Alcaldia de El Alto,698398f5670464b78148,Municipio de El Alto,698614d000339f39a826,CIEMCORP S.R.L. (Ipsos Ciesmori),2026-02-15,2026-02-06,2,2401,698fecf5b6f1138877b6,Voto Indeciso,15.8,¿Si hoy fueran las elecciones para alcalde?,,95,,True,749724,633783
69989abba78e7dfb1e3c,Primera encuesta de opinión IPSOS - CIESMORI - Alcaldia de Cochabamba,6983991d0f5226b8f547,Municipio de Cochabamba,698614d000339f39a826,CIEMCORP S.R.L. (Ipsos Ciesmori),2026-02-15,2036-02-06,2,2405,698feee7df236c93676a,Voto Ninguno,38,,,,,True,549148,496147
69989abba78e7dfb1e3c,Primera encuesta de opinión IPSOS - CIESMORI - Alcaldia de Cochabamba,6983991d0f5226b8f547,Municipio de Cochabamba,698614d000339f39a826,CIEMCORP S.R.L. (Ipsos Ciesmori),2026-02-15,2036-02-06,2,2405,698feee7df236c93676a,Voto Ninguno,38,,,,,True,532629,496147
69989abba78e7dfb1e3c,Primera encuesta de opinión IPSOS - CIESMORI - Alcaldia de Cochabamba,6983991d0f5226b8f547,Municipio de Cochabamba,698614d000339f39a826,CIEMCORP S.R.L. (Ipsos Ciesmori),2026-02-15,2036-02-06,2,2405,698fecf5b6f1138877b6,Voto Indeciso,24,,,,,True,549148,496147
69989abba78e7dfb1e3c,Primera encuesta de opinión IPSOS - CIESMORI - Alcaldia de Cochabamba,6983991d0f5226b8f547,Municipio de Cochabamba,698614d000339f39a826,CIEMCORP S.R.L. (Ipsos Ciesmori),2026-02-15,2036-02-06,2,2405,698fecf5b6f1138877b6,Voto Indeciso,24,,,,,True,532629,496147
69989abba78e7dfb1e3c,Primera encuesta de opinión IPSOS - CIESMORI - Alcaldia de Cochabamba,6983991d0f5226b8f547,Municipio de Cochabamba,698614d000339f39a826,CIEMCORP S.R.L. (Ipsos Ciesmori),2026-02-15,2036-02-06,2,2405,69989c4eaacb9d6a5356,No sabe / No responde,5,,,,,True,549148,496147
69989abba78e7dfb1e3c,Primera encuesta de opinión IPSOS - CIESMORI - Alcaldia de Cochabamba,6983991d0f5226b8f547,Municipio de Cochabamba,698614d000339f39a826,CIEMCORP S.R.L. (Ipsos Ciesmori),2026-02-15,2036-02-06,2,2405,69989c4eaacb9d6a5356,No sabe / No responde,5,,,,,True,532629,496147
69989abba78e7dfb1e3c,Primera encuesta de opinión IPSOS - CIESMORI - Alcaldia de Cochabamba,6983991d0f5226b8f547,Municipio de Cochabamba,698614d000339f39a826,CIEMCORP S.R.L. (Ipsos Ciesmori),2026-02-15,2036-02-06,2,2405,698594860014295b88ff,Manfred Armando Antonio Reyes Villa Bacigalupi,46.1,¿Si hoy fueran las elecciones para alcalde?,,,,True,549148,496147
69989abba78e7dfb1e3c,Primera encuesta de opinión IPSOS - CIESMORI - Alcaldia de Cochabamba,6983991d0f5226b8f547,Municipio de Cochabamba,698614d000339f39a826,CIEMCORP S.R.L. (Ipsos Ciesmori),2026-02-15,2036-02-06,2,2405,698594860014295b88ff,Manfred Armando Antonio Reyes Villa Bacigalupi,46.1,¿Si hoy fueran las elecciones para alcalde?,,,,True,532629,496147
69989abba78e7dfb1e3c,Primera encuesta de opinión IPSOS - CIESMORI - Alcaldia de Cochabamba,6983991d0f5226b8f547,Municipio de Cochabamba,698614d000339f39a826,CIEMCORP S.R.L. (Ipsos Ciesmori),2026-02-15,2036-02-06,2,2405,69859632002620d793a1,Rocio Alejandra Molina Travesi,5,¿Si hoy fueran las elecciones para alcalde?,,,,True,549148,496147
69989abba78e7dfb1e3c,Primera encuesta de opinión IPSOS - CIESMORI - Alcaldia de Cochabamba,6983991d0f5226b8f547,Municipio de Cochabamba,698614d000339f39a826,CIEMCORP S.R.L. (Ipsos Ciesmori),2026-02-15,2036-02-06,2,2405,69859632002620d793a1,Rocio Alejandra Molina Travesi,5,¿Si hoy fueran las elecciones para alcalde?,,,,True,532629,496147
69989abba78e7dfb1e3c,Primera encuesta de opinión IPSOS - CIESMORI - Alcaldia de Cochabamba,6983991d0f5226b8f547,Municipio de Cochabamba,698614d000339f39a826,CIEMCORP S.R.L. (Ipsos Ciesmori),2026-02-15,2036-02-06,2,2405,698592c2002e7fd61d71,Francisco Javier Bellott Montalvo,4,¿Si hoy fueran las elecciones para alcalde?,,,,True,549148,496147
69989abba78e7dfb1e3c,Primera encuesta de opinión IPSOS - CIESMORI - Alcaldia de Cochabamba,6983991d0f5226b8f547,Municipio de Cochabamba,698614d000339f39a826,CIEMCORP S.R.L. (Ipsos Ciesmori),2026-02-15,2036-02-06,2,2405,698592c2002e7fd61d71,Francisco Javier Bellott Montalvo,4,¿Si hoy fueran las elecciones para alcalde?,,,,True,532629,496147
69989abba78e7dfb1e3c,Primera encuesta de opinión IPSOS - CIESMORI - Alcaldia de Cochabamba,6983991d0f5226b8f547,Municipio de Cochabamba,698614d000339f39a826,CIEMCORP S.R.L. (Ipsos Ciesmori),2026-02-15,2036-02-06,2,2405,6985970b0008ff32d228,Luis Roberto Perrogon Cordova,3.7,¿Si hoy fueran las elecciones para alcalde?,,,,True,549148,496147
69989abba78e7dfb1e3c,Primera encuesta de opinión IPSOS - CIESMORI - Alcaldia de Cochabamba,6983991d0f5226b8f547,Municipio de Cochabamba,698614d000339f39a826,CIEMCORP S.R.L. (Ipsos Ciesmori),2026-02-15,2036-02-06,2,2405,6985970b0008ff32d228,Luis Roberto Perrogon Cordova,3.7,¿Si hoy fueran las elecciones para alcalde?,,,,True,532629,496147
69989abba78e7dfb1e3c,Primera encuesta de opinión IPSOS - CIESMORI - Alcaldia de Cochabamba,6983991d0f5226b8f547,Municipio de Cochabamba,698614d000339f39a826,CIEMCORP S.R.L. (Ipsos Ciesmori),2026-02-15,2036-02-06,2,2405,69858ed8000854b881c0,Jose Carlos Sanchez Verazain,3.2,¿Si hoy fueran las elecciones para alcalde?,,,,True,549148,496147
69989abba78e7dfb1e3c,Primera encuesta de opinión IPSOS - CIESMORI - Alcaldia de Cochabamba,6983991d0f5226b8f547,Municipio de Cochabamba,698614d000339f39a826,CIEMCORP S.R.L. (Ipsos Ciesmori),2026-02-15,2036-02-06,2,2405,69858ed8000854b881c0,Jose Carlos Sanchez Verazain,3.2,¿Si hoy fueran las elecciones para alcalde?,,,,True,532629,496147
69989abba78e7dfb1e3c,Primera encuesta de opinión IPSOS - CIESMORI - Alcaldia de Cochabamba,6983991d0f5226b8f547,Municipio de Cochabamba,698614d000339f39a826,CIEMCORP S.R.L. (Ipsos Ciesmori),2026-02-15,2036-02-06,2,2405,69859521000f121035ce,Carlos Alfredo Zavaleta Paniagua,2.7,¿Si hoy fueran las elecciones para alcalde?,,,,True,549148,496147
69989abba78e7dfb1e3c,Primera encuesta de opinión IPSOS - CIESMORI - Alcaldia de Cochabamba,6983991d0f5226b8f547,Municipio de Cochabamba,698614d000339f39a826,CIEMCORP S.R.L. (Ipsos Ciesmori),2026-02-15,2036-02-06,2,2405,69859521000f121035ce,Carlos Alfredo Zavaleta Paniagua,2.7,¿Si hoy fueran las elecciones para alcalde?,,,,True,532629,496147
69989abba78e7dfb1e3c,Primera encuesta de opinión IPSOS - CIESMORI - Alcaldia de Cochabamba,6983991d0f5226b8f547,Municipio de Cochabamba,698614d000339f39a826,CIEMCORP S.R.L. (Ipsos Ciesmori),2026-02-15,2036-02-06,2,2405,Giovann Arzabe,,2.6,¿Si hoy fueran las elecciones para alcalde?,,,,True,549148,496147
69989abba78e7dfb1e3c,Primera encuesta de opinión IPSOS - CIESMORI - Alcaldia de Cochabamba,6983991d0f5226b8f547,Municipio de Cochabamba,698614d000339f39a826,CIEMCORP S.R.L. (Ipsos Ciesmori),2026-02-15,2036-02-06,2,2405,Giovann Arzabe,,2.6,¿Si hoy fueran las elecciones para alcalde?,,,,True,532629,496147
69989abba78e7dfb1e3c,Primera encuesta de opinión IPSOS - CIESMORI - Alcaldia de Cochabamba,6983991d0f5226b8f547,Municipio de Cochabamba,698614d000339f39a826,CIEMCORP S.R.L. (Ipsos Ciesmori),2026-02-15,2036-02-06,2,2405,6985912600364331f629,Ramon Oscar Daza Salamanca,1.7,¿Si hoy fueran las elecciones para alcalde?,,,,True,549148,496147
69989abba78e7dfb1e3c,Primera encuesta de opinión IPSOS - CIESMORI - Alcaldia de Cochabamba,6983991d0f5226b8f547,Municipio de Cochabamba,698614d000339f39a826,CIEMCORP S.R.L. (Ipsos Ciesmori),2026-02-15,2036-02-06,2,2405,6985912600364331f629,Ramon Oscar Daza Salamanca,1.7,¿Si hoy fueran las elecciones para alcalde?,,,,True,532629,496147
69989abba78e7dfb1e3c,Primera encuesta de opinión IPSOS - CIESMORI - Alcaldia de Cochabamba,6983991d0f5226b8f547,Municipio de Cochabamba,698614d000339f39a826,CIEMCORP S.R.L. (Ipsos Ciesmori),2026-02-15,2036-02-06,2,2405,69858c1200019c9237c1,Cristian Tastaca Aquino,0.9,¿Si hoy fueran las elecciones para alcalde?,,,,True,549148,496147
69989abba78e7dfb1e3c,Primera encuesta de opinión IPSOS - CIESMORI - Alcaldia de Cochabamba,6983991d0f5226b8f547,Municipio de Cochabamba,698614d000339f39a826,CIEMCORP S.R.L. (Ipsos Ciesmori),2026-02-15,2036-02-06,2,2405,69858c1200019c9237c1,Cristian Tastaca Aquino,0.9,¿Si hoy fueran las elecciones para alcalde?,,,,True,532629,496147
69989abba78e7dfb1e3c,Primera encuesta de opinión IPSOS - CIESMORI - Alcaldia de Cochabamba,6983991d0f5226b8f547,Municipio de Cochabamba,698614d000339f39a826,CIEMCORP S.R.L. (Ipsos Ciesmori),2026-02-15,2036-02-06,2,2405,6985898a000a932abbe3,Jhon Iber Mendoza Cardona,0.9,¿Si hoy fueran las elecciones para alcalde?,,,,True,549148,496147
69989abba78e7dfb1e3c,Primera encuesta de opinión IPSOS - CIESMORI - Alcaldia de Cochabamba,6983991d0f5226b8f547,Municipio de Cochabamba,698614d000339f39a826,CIEMCORP S.R.L. (Ipsos Ciesmori),2026-02-15,2036-02-06,2,2405,6985898a000a932abbe3,Jhon Iber Mendoza Cardona,0.9,¿Si hoy fueran las elecciones para alcalde?,,,,True,532629,496147
69989abba78e7dfb1e3c,Primera encuesta de opinión IPSOS - CIESMORI - Alcaldia de Cochabamba,6983991d0f5226b8f547,Municipio de Cochabamba,698614d000339f39a826,CIEMCORP S.R.L. (Ipsos Ciesmori),2026-02-15,2036-02-06,2,2405,69858d450001a0ff6be8,Ronald Antonio Unzueta Quiroga,0.7,¿Si hoy fueran las elecciones para alcalde?,,,,True,549148,496147
69989abba78e7dfb1e3c,Primera encuesta de opinión IPSOS - CIESMORI - Alcaldia de Cochabamba,6983991d0f5226b8f547,Municipio de Cochabamba,698614d000339f39a826,CIEMCORP S.R.L. (Ipsos Ciesmori),2026-02-15,2036-02-06,2,2405,69858d450001a0ff6be8,Ronald Antonio Unzueta Quiroga,0.7,¿Si hoy fueran las elecciones para alcalde?,,,,True,532629,496147
69989abba78e7dfb1e3c,Primera encuesta de opinión IPSOS - CIESMORI - Alcaldia de Cochabamba,6983991d0f5226b8f547,Municipio de Cochabamba,698614d000339f39a826,CIEMCORP S.R.L. (Ipsos Ciesmori),2026-02-15,2036-02-06,2,2405,699de867b4edd88ebf7a,Voto Blanco,5.9,¿Si hoy fueran las elecciones para alcalde?,,,,True,549148,496147
69989abba78e7dfb1e3c,Primera encuesta de opinión IPSOS - CIESMORI - Alcaldia de Cochabamba,6983991d0f5226b8f547,Municipio de Cochabamba,698614d000339f39a826,CIEMCORP S.R.L. (Ipsos Ciesmori),2026-02-15,2036-02-06,2,2405,699de867b4edd88ebf7a,Voto Blanco,5.9,¿Si hoy fueran las elecciones para alcalde?,,,,True,532629,496147
69989abba78e7dfb1e3c,Primera encuesta de opinión IPSOS - CIESMORI - Alcaldia de Cochabamba,6983991d0f5226b8f547,Municipio de Cochabamba,698614d000339f39a826,CIEMCORP S.R.L. (Ipsos Ciesmori),2026-02-15,2036-02-06,2,2405,699de9885434183c4583,Voto Nulo,11.6,¿Si hoy fueran las elecciones para alcalde?,,,,True,549148,496147
69989abba78e7dfb1e3c,Primera encuesta de opinión IPSOS - CIESMORI - Alcaldia de Cochabamba,6983991d0f5226b8f547,Municipio de Cochabamba,698614d000339f39a826,CIEMCORP S.R.L. (Ipsos Ciesmori),2026-02-15,2036-02-06,2,2405,699de9885434183c4583,Voto Nulo,11.6,¿Si hoy fueran las elecciones para alcalde?,,,,True,532629,496147
69989abba78e7dfb1e3c,Primera encuesta de opinión IPSOS - CIESMORI - Alcaldia de Cochabamba,6983991d0f5226b8f547,Municipio de Cochabamba,698614d000339f39a826,CIEMCORP S.R.L. (Ipsos Ciesmori),2026-02-15,2036-02-06,2,2405,698fecf5b6f1138877b6,Voto Indeciso,11,¿Si hoy fueran las elecciones para alcalde?,,,,True,549148,496147
69989abba78e7dfb1e3c,Primera encuesta de opinión IPSOS - CIESMORI - Alcaldia de Cochabamba,6983991d0f5226b8f547,Municipio de Cochabamba,698614d000339f39a826,CIEMCORP S.R.L. (Ipsos Ciesmori),2026-02-15,2036-02-06,2,2405,698fecf5b6f1138877b6,Voto Indeciso,11,¿Si hoy fueran las elecciones para alcalde?,,,,True,532629,496147
